{
    "tarifas_residencial_urbano_rural": [
        {"id_tarifa": "T1", "num_tarifa": 0.004, "uso_actividad_vigact": ["0101", "0615", "1833", "1834"], "estrato_vigact": 1},
        {"id_tarifa": "T2", "num_tarifa": 0.008, "uso_actividad_vigact": ["0101", "1935", "2035"], "estrato_vigact": [2,3]},
        {"id_tarifa": "T3", "num_tarifa": 0.011, "uso_actividad_vigact": ["0101", "2137"], "estrato_vigact": 4},
        {"id_tarifa": "T4", "num_tarifa": 0.013, "uso_actividad_vigact": ["0101", "2238"], "estrato_vigact": 5},
        {"id_tarifa": "T5", "num_tarifa": 0.014, "uso_actividad_vigact": ["0101", "2339", "0918", "1019", "1120", "0940"], "estrato_vigact": 6},
        {"id_tarifa": "T6", "num_tarifa": 0.01, "uso_actividad_vigact": ["0101", "0409", "0410", "0411", "0442", "0817", "1423", "1424", "1425", "1426", "1443", "2036"], "estrato_vigact": 3},
        {"id_tarifa": "T7", "num_tarifa": 0.0145, "uso_actividad_vigact": ["0202", "0203", "0204", "0306", "0307", "0308", "0512", "0513", "0514"], "estrato_vigact": ""},
        {"id_tarifa": "T8", "num_tarifa": 0.010, "uso_actividad_vigact": ["1426", "1425"], "estrato_vigact": ""},
        {"id_tarifa": "T9", "num_tarifa": 0.016, "uso_actividad_vigact": ["0205", "1528", "1732", "1221"], "estrato_vigact": ""},
        {"id_tarifa": "T10", "num_tarifa": 0.033, "uso_actividad_vigact": ["1631"], "estrato_vigact": ""}
    ]
}